store_id,sku_id,forecast_error_std
store_0001,sku_00001,0.003703252860987375
store_0001,sku_00002,0.003072053855888807
store_0001,sku_00003,0.009706392759673586
store_0001,sku_00004,0.0030952623855505746
store_0001,sku_00005,0.003368095650105838
store_0001,sku_00006,0.0029989706413163656
store_0001,sku_00007,0.0043122921080464
store_0001,sku_00008,0.05550125427038442
store_0001,sku_00009,0.014566525814992848
store_0001,sku_00010,0.009790855486100291
store_0001,sku_00011,0.0038793329198797562
store_0001,sku_00012,0.032063913345510314
store_0001,sku_00013,0.027079379660064504
store_0001,sku_00014,0.007602819979789426
store_0001,sku_00015,0.0017569729164686565
store_0001,sku_00016,0.10990908586587345
store_0001,sku_00017,0.007487610577041712
store_0001,sku_00018,0.003779554224608133
store_0001,sku_00019,0.0031362991076793446
store_0001,sku_00020,0.0039711490779502
store_0001,sku_00021,0.008421268983583873
store_0001,sku_00022,0.004409900251864318
store_0001,sku_00023,0.008243291026559655
store_0001,sku_00024,0.023212741942940568
store_0001,sku_00025,0.04517650061607648
store_0001,sku_00026,0.024627696743649743
store_0001,sku_00027,0.09873216735194697
store_0001,sku_00028,0.02511383580950672
store_0001,sku_00029,0.0009833827532864108
store_0001,sku_00030,0.007504105312060107
store_0001,sku_00031,0.012761121491209164
store_0001,sku_00032,0.005121974794683019
store_0001,sku_00033,0.0031241757851207985
store_0001,sku_00034,0.02024842591277308
store_0001,sku_00035,0.10685442198420503
store_0001,sku_00036,0.03772455525536086
store_0001,sku_00037,0.01753030336085628
store_0001,sku_00038,0.007820603066706773
store_0001,sku_00039,0.024456962970845802
store_0001,sku_00040,0.014457088700378328
store_0001,sku_00041,0.0062158587176699785
store_0001,sku_00042,0.007065098179432092
store_0001,sku_00043,0.014116456911910462
store_0001,sku_00044,0.004755121854145567
store_0001,sku_00045,0.030339201971472118
store_0001,sku_00046,0.015865621292629858
store_0001,sku_00047,0.007335702495341536
store_0001,sku_00048,0.0070810010192799665
store_0001,sku_00049,1.7280366470054168e-07
store_0001,sku_00050,0.005137916475878339
store_0001,sku_00051,0.007077751056638907
store_0001,sku_00052,0.006875581454847675
store_0001,sku_00053,0.0786138674862679
store_0001,sku_00054,0.010800933752334301
store_0001,sku_00055,0.0028206025700487232
store_0001,sku_00056,0.004601343942650016
store_0001,sku_00057,0.015473181179006375
store_0001,sku_00058,0.0048506932532219405
store_0001,sku_00059,0.0032131202598511695
store_0001,sku_00060,0.00929203905437591
store_0001,sku_00061,0.006723835917301416
store_0001,sku_00062,0.005570935487922622
store_0001,sku_00063,0.06576426318044977
store_0001,sku_00064,0.004098092146832784
store_0001,sku_00065,0.11714283061730002
store_0001,sku_00066,0.043689951185108336
store_0001,sku_00067,0.007742524191249812
store_0001,sku_00068,0.01190564368094046
store_0001,sku_00069,0.0009224906865365701
store_0001,sku_00070,0.00370619375855273
store_0001,sku_00071,0.0021857552319895462
store_0001,sku_00072,0.010287409587543182
store_0001,sku_00073,0.049181665852083986
store_0001,sku_00074,0.004550963015192609
store_0001,sku_00075,0.009446267356841842
store_0001,sku_00076,0.0023257984165007636
store_0001,sku_00077,0.009081334892159225
store_0001,sku_00078,0.0040785799012090194
store_0001,sku_00079,0.0046236630712508595
store_0001,sku_00080,0.010571975541627886
store_0001,sku_00081,3.486948170694614e-07
store_0001,sku_00082,0.06154668810991828
store_0001,sku_00083,0.022252944277978408
store_0001,sku_00084,0.018147272322100116
store_0001,sku_00085,0.06637033590659931
store_0001,sku_00086,0.04319725417313294
store_0001,sku_00087,0.024314350793266028
store_0001,sku_00088,0.0023998443452248963
store_0001,sku_00089,0.20252035146876168
store_0001,sku_00090,0.0023120329404250814
store_0001,sku_00091,0.011196048970396564
store_0001,sku_00092,0.016555372609756227
store_0001,sku_00093,0.003575160823307692
store_0001,sku_00094,0.052665944298904845
store_0001,sku_00095,0.009675134912653862
store_0001,sku_00096,0.04381926506976226
store_0001,sku_00097,0.031177526202810103
store_0001,sku_00098,0.01142828009948279
store_0001,sku_00099,0.07569477882335968
store_0001,sku_00100,0.0030927504629140712
store_0001,sku_00101,0.022206168694734504
store_0001,sku_00102,0.017727522959820635
store_0001,sku_00103,0.013512602619727454
store_0001,sku_00104,0.005641768233876239
store_0001,sku_00105,0.011731827132143456
store_0001,sku_00106,0.05399825376673289
store_0001,sku_00107,0.013032247683668507
store_0001,sku_00108,0.005115168419247396
store_0001,sku_00109,0.06952109191590636
store_0001,sku_00110,0.0022781054218212727
store_0001,sku_00111,0.07958014902355555
store_0001,sku_00112,0.0414141888484781
store_0001,sku_00113,0.03767151714738963
store_0001,sku_00114,0.0105351702703266
store_0001,sku_00115,0.15691564183006076
store_0001,sku_00116,0.0044800340387560365
store_0001,sku_00117,0.01030384254059934
store_0001,sku_00118,0.31317780666712614
store_0001,sku_00119,0.006881593709195539
store_0001,sku_00120,0.027066036145130732
store_0001,sku_00121,0.008838944864767875
store_0001,sku_00122,0.06970334446478972
store_0001,sku_00123,0.01091274427310558
store_0001,sku_00124,0.003014000448473296
store_0001,sku_00125,0.07369809135377106
store_0001,sku_00126,0.033079213396138576
store_0001,sku_00127,0.00797211836292883
store_0001,sku_00128,0.00568294796915888
store_0001,sku_00129,0.035705188898339624
store_0001,sku_00130,0.0026290145424493943
store_0001,sku_00131,0.34086432437188596
store_0001,sku_00132,0.01806332683764591
store_0001,sku_00133,0.013919351021189364
store_0001,sku_00134,0.03192015618325034
store_0001,sku_00135,0.028015059347482586
store_0001,sku_00136,0.011899070691361488
store_0001,sku_00137,0.01448639515036024
store_0001,sku_00138,0.040500970660679037
store_0001,sku_00139,0.03315105660503084
store_0001,sku_00140,0.0521679497724011
store_0001,sku_00141,0.5700224651422998
store_0001,sku_00142,0.015530834018425666
store_0001,sku_00143,0.009298299898371805
store_0001,sku_00144,0.15194464885327683
store_0001,sku_00145,0.027561278894213833
store_0001,sku_00146,0.047878772770471825
store_0001,sku_00147,0.003197547391648647
store_0001,sku_00148,0.008836901437426378
store_0001,sku_00149,0.01223252972637674
store_0001,sku_00150,0.025942480350540097
store_0001,sku_00151,0.011247763240402428
store_0001,sku_00152,0.002133334936933302
store_0001,sku_00153,0.002560990840377685
store_0001,sku_00154,0.0415716590452756
store_0001,sku_00155,0.003667504241630748
store_0001,sku_00156,0.011363424570641979
store_0001,sku_00157,0.015986772237801865
store_0001,sku_00158,0.005541257739833148
store_0001,sku_00159,0.008635197978820033
store_0001,sku_00160,0.009768181538147758
store_0001,sku_00161,0.049945146917840744
store_0001,sku_00162,0.014309646008845038
store_0001,sku_00163,0.005701173236162259
store_0001,sku_00164,0.15393866901481515
store_0001,sku_00165,0.00463578288773362
store_0001,sku_00166,0.0023282115837078158
store_0001,sku_00167,0.06528890836553393
store_0001,sku_00168,0.01600671509074515
store_0001,sku_00169,0.031727109982192074
store_0001,sku_00170,0.0035807444675969987
store_0001,sku_00171,0.0030992085656690845
store_0001,sku_00172,0.04508266969172308
store_0001,sku_00173,0.025334130051611475
store_0001,sku_00174,0.013554445390303954
store_0001,sku_00175,0.0074657677774273064
store_0001,sku_00176,0.001703366838424492
store_0001,sku_00177,0.0232377138341792
store_0001,sku_00178,0.014381892319232351
store_0001,sku_00179,0.015092814465627793
store_0001,sku_00180,0.1854494270785138
store_0001,sku_00181,0.00864194435668702
store_0001,sku_00182,0.039971138246997946
store_0001,sku_00183,0.03755373044242893
store_0001,sku_00184,0.005468669050821581
store_0001,sku_00185,0.17071986397863678
store_0001,sku_00186,0.015272327601885937
store_0001,sku_00187,0.03590373755365281
store_0001,sku_00188,0.01567164330489714
store_0001,sku_00189,0.07526580190011298
store_0001,sku_00190,0.0417125034897559
store_0001,sku_00191,0.01983221293676767
store_0001,sku_00192,0.01015467022785684
store_0001,sku_00193,0.022152561779171142
store_0001,sku_00194,0.02238749561650265
store_0001,sku_00195,0.0469586533378511
store_0001,sku_00196,0.055805810558889585
store_0001,sku_00197,0.01765000680198304
store_0001,sku_00198,0.0682292199968464
store_0001,sku_00199,0.04483247612137046
store_0001,sku_00200,0.002587842802895036
store_0002,sku_00001,0.013939282957681867
store_0002,sku_00002,0.0009486772097344533
store_0002,sku_00003,0.005990505442324576
store_0002,sku_00004,0.0076538800234728956
store_0002,sku_00005,0.007198859161094245
store_0002,sku_00006,0.008002795431413539
store_0002,sku_00007,0.011966467816986242
store_0002,sku_00008,0.012858644680507488
store_0002,sku_00009,0.010225888795444133
store_0002,sku_00010,0.03235864206397242
store_0002,sku_00011,0.020058230200089674
store_0002,sku_00012,0.09278312747244322
store_0002,sku_00013,0.021809871982171092
store_0002,sku_00014,0.013011572983686933
store_0002,sku_00015,0.005554029320431069
store_0002,sku_00016,0.08871640221381136
store_0002,sku_00017,0.009434207515587751
store_0002,sku_00018,0.045151924363113105
store_0002,sku_00019,0.012943461397349993
store_0002,sku_00020,0.04490807979935763
store_0002,sku_00021,0.07861689201738326
store_0002,sku_00022,0.0035254486077094436
store_0002,sku_00023,0.003078715049281748
store_0002,sku_00024,0.21409370647213072
store_0002,sku_00025,0.006963697389666359
store_0002,sku_00026,0.03193433564017091
store_0002,sku_00027,0.02650776754393114
store_0002,sku_00028,0.0010318649775831366
store_0002,sku_00029,0.013568277751788023
store_0002,sku_00030,0.02665172190551518
store_0002,sku_00031,0.0973251654182412
store_0002,sku_00032,0.014425213147331995
store_0002,sku_00033,0.0023932397592482287
store_0002,sku_00034,0.018981038670057425
store_0002,sku_00035,0.09593838725173477
store_0002,sku_00036,0.008900079028165775
store_0002,sku_00037,0.010229565775132314
store_0002,sku_00038,0.04576530165155717
store_0002,sku_00039,0.07065727051974198
store_0002,sku_00040,0.14122921790060367
store_0002,sku_00041,0.023781439848612616
store_0002,sku_00042,0.03304820735525806
store_0002,sku_00043,0.018315744063282312
store_0002,sku_00044,0.026898926042258763
store_0002,sku_00045,0.01674756985122607
store_0002,sku_00046,0.007021523053724192
store_0002,sku_00047,0.03014697106739526
store_0002,sku_00048,0.004834244258450619
store_0002,sku_00049,0.0021253662250215345
store_0002,sku_00050,0.010125220771251869
store_0002,sku_00051,0.017699923034201082
store_0002,sku_00052,0.00741106915542997
store_0002,sku_00053,0.10629356817012316
store_0002,sku_00054,0.005420281990491626
store_0002,sku_00055,0.006322158826149753
store_0002,sku_00056,0.006471858146225484
store_0002,sku_00057,0.03331018789035997
store_0002,sku_00058,0.0061643487776746
store_0002,sku_00059,0.0032149483386172575
store_0002,sku_00060,0.053262102137403296
store_0002,sku_00061,0.0031551602437093033
store_0002,sku_00062,0.026183844190281726
store_0002,sku_00063,0.0033094669692253975
store_0002,sku_00064,0.010241072006231686
store_0002,sku_00065,0.06787968035007685
store_0002,sku_00066,0.37233636526787534
store_0002,sku_00067,0.002645380904227548
store_0002,sku_00068,0.024151643734272914
store_0002,sku_00069,0.009370866591007809
store_0002,sku_00070,0.011421254794625904
store_0002,sku_00071,0.002753851280592511
store_0002,sku_00072,0.01046236289021331
store_0002,sku_00073,0.0188004173864743
store_0002,sku_00074,0.06951650707471746
store_0002,sku_00075,0.027665204595710036
store_0002,sku_00076,0.02410867708534998
store_0002,sku_00077,0.053407683538103705
store_0002,sku_00078,0.010348420181034238
store_0002,sku_00079,0.06810871413622488
store_0002,sku_00080,0.013675022285377545
store_0002,sku_00081,0.0030770856790249294
store_0002,sku_00082,0.12611199111181837
store_0002,sku_00083,0.2904987769601001
store_0002,sku_00084,0.017373509196543447
store_0002,sku_00085,0.08671665557374542
store_0002,sku_00086,0.00738903950484476
store_0002,sku_00087,0.014010158448392773
store_0002,sku_00088,0.010709994589145413
store_0002,sku_00089,0.6997358102413876
store_0002,sku_00090,0.0015207097214275864
store_0002,sku_00091,0.013189134857922585
store_0002,sku_00092,0.035791594064597976
store_0002,sku_00093,0.004885894805976902
store_0002,sku_00094,0.04278789226394555
store_0002,sku_00095,0.02272073286164126
store_0002,sku_00096,0.012140267766409788
store_0002,sku_00097,0.00893918949144016
store_0002,sku_00098,0.017670401119009055
store_0002,sku_00099,0.13731789500538347
store_0002,sku_00100,0.00402891135805212
store_0002,sku_00101,0.04867407018462039
store_0002,sku_00102,0.03825404654496389
store_0002,sku_00103,0.0007846299049411678
store_0002,sku_00104,0.009039374889143801
store_0002,sku_00105,0.02620913641654582
store_0002,sku_00106,0.008757194057025372
store_0002,sku_00107,0.07658451041624316
store_0002,sku_00108,0.0051902733998865705
store_0002,sku_00109,0.00815688191595105
store_0002,sku_00110,0.006454220619297528
store_0002,sku_00111,0.016752703964745028
store_0002,sku_00112,0.006525151408632079
store_0002,sku_00113,0.09974094290284924
store_0002,sku_00114,0.005755658741413709
store_0002,sku_00115,0.005787812712298038
store_0002,sku_00116,0.036997489693343474
store_0002,sku_00117,0.005909303778876389
store_0002,sku_00118,1.162406023419309
store_0002,sku_00119,0.0012742937954676181
store_0002,sku_00120,0.028071267379547214
store_0002,sku_00121,0.014580953114090538
store_0002,sku_00122,0.009551094191342155
store_0002,sku_00123,0.027464361586744188
store_0002,sku_00124,0.003721443738480312
store_0002,sku_00125,0.005756016414672001
store_0002,sku_00126,0.03397682973757002
store_0002,sku_00127,0.028409504267441932
store_0002,sku_00128,0.14398921446533683
store_0002,sku_00129,0.0069891100003629135
store_0002,sku_00130,0.00339650132839878
store_0002,sku_00131,0.049373018055566244
store_0002,sku_00132,0.15224718361069617
store_0002,sku_00133,0.01562271970743038
store_0002,sku_00134,0.021356240918977802
store_0002,sku_00135,0.12690807540581947
store_0002,sku_00136,0.10712141092107429
store_0002,sku_00137,0.06034386644849685
store_0002,sku_00138,0.009165209297364483
store_0002,sku_00139,0.018344989317269165
store_0002,sku_00140,0.006412299648596859
store_0002,sku_00141,0.053812776849164655
store_0002,sku_00142,0.046287993498914416
store_0002,sku_00143,0.01117079563035241
store_0002,sku_00144,0.5079879258047484
store_0002,sku_00145,0.0045031009365370375
store_0002,sku_00146,0.04132368907748684
store_0002,sku_00147,0.007205647061442869
store_0002,sku_00148,0.029856654920106508
store_0002,sku_00149,0.0038645857372299947
store_0002,sku_00150,0.11235744884755322
store_0002,sku_00151,0.026065099016618236
store_0002,sku_00152,0.02112754489165208
store_0002,sku_00153,0.006167613005013321
store_0002,sku_00154,0.02707585458548267
store_0002,sku_00155,0.004071755281434907
store_0002,sku_00156,0.006592810130750001
store_0002,sku_00157,0.008552535365985296
store_0002,sku_00158,0.021281834352848073
store_0002,sku_00159,0.0023702468110023633
store_0002,sku_00160,0.04181808532796158
store_0002,sku_00161,0.20027827556188385
store_0002,sku_00162,0.06418258774316724
store_0002,sku_00163,0.030584173927981614
store_0002,sku_00164,0.32569141058234446
store_0002,sku_00165,0.007197230411996426
store_0002,sku_00166,0.003107568672009283
store_0002,sku_00167,0.005024769775511394
store_0002,sku_00168,0.13828733630672937
store_0002,sku_00169,0.055378272325403335
store_0002,sku_00170,0.0175027601603609
store_0002,sku_00171,0.00230971157379696
store_0002,sku_00172,0.007635868575066118
store_0002,sku_00173,0.017415416679830455
store_0002,sku_00174,0.023614207787990272
store_0002,sku_00175,0.012905920876379802
store_0002,sku_00176,0.015915182203149966
store_0002,sku_00177,0.015459310060403556
store_0002,sku_00178,0.05370534409072255
store_0002,sku_00179,0.04627357254264578
store_0002,sku_00180,0.03093805507297995
store_0002,sku_00181,9.088082427107443e-07
store_0002,sku_00182,0.14155054365562278
store_0002,sku_00183,0.04711508004316907
store_0002,sku_00184,0.004696452488198127
store_0002,sku_00185,0.2826273462577132
store_0002,sku_00186,0.1256356489081701
store_0002,sku_00187,0.06144105544976523
store_0002,sku_00188,0.16698769456965962
store_0002,sku_00189,0.037177765517082205
store_0002,sku_00190,0.0479790688838071
store_0002,sku_00191,0.14949451493999028
store_0002,sku_00192,0.020498099221725404
store_0002,sku_00193,0.01033955619641778
store_0002,sku_00194,0.006072689064514259
store_0002,sku_00195,0.1594036524017421
store_0002,sku_00196,0.010783731330808316
store_0002,sku_00197,0.044038885916325064
store_0002,sku_00198,0.025775562641751223
store_0002,sku_00199,0.002563448841066321
store_0002,sku_00200,0.017043847602425236
store_0003,sku_00001,0.024664626770528473
store_0003,sku_00002,0.00045918124806702907
store_0003,sku_00003,0.018068532513693693
store_0003,sku_00004,0.009254296054020627
store_0003,sku_00005,0.0001925478111962881
store_0003,sku_00006,0.010284709027916186
store_0003,sku_00007,0.01422028935659706
store_0003,sku_00008,0.008544068204556832
store_0003,sku_00009,5.579938008823653e-07
store_0003,sku_00010,0.1743688066557684
store_0003,sku_00011,0.008927305984953433
store_0003,sku_00012,0.007126519036998962
store_0003,sku_00013,0.014281072701512664
store_0003,sku_00014,0.0054206888890397905
store_0003,sku_00015,0.02280362114938697
store_0003,sku_00016,0.025801704337231713
store_0003,sku_00017,0.004468326011213421
store_0003,sku_00018,0.015382983441185983
store_0003,sku_00019,0.03028076572429521
store_0003,sku_00020,0.007797799178146051
store_0003,sku_00021,0.008148058732381835
store_0003,sku_00022,0.0020369979747902034
store_0003,sku_00023,0.01543944246824698
store_0003,sku_00024,0.039011268654292025
store_0003,sku_00025,0.006636663044573598
store_0003,sku_00026,0.007115967533025732
store_0003,sku_00027,0.04540890601356216
store_0003,sku_00028,3.886042034796735e-07
store_0003,sku_00029,0.00199775961193417
store_0003,sku_00030,0.003114180476301803
store_0003,sku_00031,0.00926231898810375
store_0003,sku_00032,0.013597206846611547
store_0003,sku_00033,0.008876336180287532
store_0003,sku_00034,0.0028655738818541563
store_0003,sku_00035,0.049072532502336196
store_0003,sku_00036,0.006547109972368951
store_0003,sku_00037,0.013702383496790786
store_0003,sku_00038,0.007699099749694241
store_0003,sku_00039,0.007029000003934575
store_0003,sku_00040,0.02366069100713125
store_0003,sku_00041,0.005213614800323942
store_0003,sku_00042,0.005312246331926878
store_0003,sku_00043,0.008601854726633041
store_0003,sku_00044,0.010182851197993836
store_0003,sku_00045,0.024389519500727336
store_0003,sku_00046,0.009630134881592731
store_0003,sku_00047,0.007191321573958413
store_0003,sku_00048,0.0055852548489662805
store_0003,sku_00049,0.0014170186710129764
store_0003,sku_00050,0.06940302922539632
store_0003,sku_00051,0.006732260026377688
store_0003,sku_00052,0.008208378758983823
store_0003,sku_00053,0.021718048335022225
store_0003,sku_00054,0.004502047164940905
store_0003,sku_00055,0.013386595578976968
store_0003,sku_00056,0.03337038994670631
store_0003,sku_00057,0.011093224328803017
store_0003,sku_00058,0.00723574815002908
store_0003,sku_00059,0.010344632674272403
store_0003,sku_00060,0.013386462669265208
store_0003,sku_00061,0.002517332969864497
store_0003,sku_00062,0.004140067777410562
store_0003,sku_00063,0.06214619809763191
store_0003,sku_00064,0.0042165722517414515
store_0003,sku_00065,0.02636044432546279
store_0003,sku_00066,0.04287363992601302
store_0003,sku_00067,0.006214632132068266
store_0003,sku_00068,0.011815738676800424
store_0003,sku_00069,0.004541399009121814
store_0003,sku_00070,0.009133086186138825
store_0003,sku_00071,0.0011337351112482251
store_0003,sku_00072,0.002707528129106594
store_0003,sku_00073,0.028611121609289938
store_0003,sku_00074,0.007327907725023312
store_0003,sku_00075,0.004940377932733812
store_0003,sku_00076,0.0024333866279083647
store_0003,sku_00077,0.007728153653025354
store_0003,sku_00078,0.012971847411380993
store_0003,sku_00079,0.0020514495105988365
store_0003,sku_00080,0.0022629352181312784
store_0003,sku_00081,0.0037374917031717213
store_0003,sku_00082,0.1455634654382041
store_0003,sku_00083,0.011839137401597593
store_0003,sku_00084,0.008142159821359643
store_0003,sku_00085,0.037079781204912864
store_0003,sku_00086,0.005346343861162558
store_0003,sku_00087,0.01287106572154913
store_0003,sku_00088,0.006067772289308193
store_0003,sku_00089,0.1323348222475361
store_0003,sku_00090,0.0014812195791021681
store_0003,sku_00091,0.015253834983000437
store_0003,sku_00092,0.021379950664342104
store_0003,sku_00093,0.01775305272974806
store_0003,sku_00094,0.026988652936484923
store_0003,sku_00095,0.005205058811445251
store_0003,sku_00096,0.023863715937125073
store_0003,sku_00097,0.004995483140051707
store_0003,sku_00098,0.014805298909777284
store_0003,sku_00099,0.027510284871355997
store_0003,sku_00100,0.004588929652664066
store_0003,sku_00101,0.016757869005033402
store_0003,sku_00102,0.009738099339979722
store_0003,sku_00103,0.0008832765655998904
store_0003,sku_00104,0.12671992325506123
store_0003,sku_00105,0.00628687680358887
store_0003,sku_00106,0.027103853379663097
store_0003,sku_00107,0.007881842126986852
store_0003,sku_00108,0.030335143383095838
store_0003,sku_00109,0.049677150446553305
store_0003,sku_00110,0.015456364526399221
store_0003,sku_00111,0.0028061897798852095
store_0003,sku_00112,0.02257493100292303
store_0003,sku_00113,0.03479031263748389
store_0003,sku_00114,0.04576453179339289
store_0003,sku_00115,0.04670888283125544
store_0003,sku_00116,0.007635543361074094
store_0003,sku_00117,0.007352569877633819
store_0003,sku_00118,0.2566924968578989
store_0003,sku_00119,0.003041663126298409
store_0003,sku_00120,0.008578571343967315
store_0003,sku_00121,0.013278744530910566
store_0003,sku_00122,0.004916535736237027
store_0003,sku_00123,0.017290706697449015
store_0003,sku_00124,0.0033024532840528974
store_0003,sku_00125,0.0058412968844992535
store_0003,sku_00126,0.0016398114235446752
store_0003,sku_00127,0.113975701175481
store_0003,sku_00128,0.009287067491272297
store_0003,sku_00129,0.01343380565155352
store_0003,sku_00130,0.0020524038748125084
store_0003,sku_00131,0.034679700926671636
store_0003,sku_00132,0.04979506039014198
store_0003,sku_00133,0.010199600241822818
store_0003,sku_00134,0.08580078116715481
store_0003,sku_00135,0.10636436229906583
store_0003,sku_00136,0.003661869874970564
store_0003,sku_00137,0.019085175839757204
store_0003,sku_00138,0.00851853007515754
store_0003,sku_00139,0.008445270857302126
store_0003,sku_00140,0.054772311443904265
store_0003,sku_00141,0.23754686218394475
store_0003,sku_00142,0.05232657131790286
store_0003,sku_00143,0.014268344529606469
store_0003,sku_00144,0.02463414166178166
store_0003,sku_00145,0.0023319869586164743
store_0003,sku_00146,0.021919889690520215
store_0003,sku_00147,0.003678765138510257
store_0003,sku_00148,0.018220114830008162
store_0003,sku_00149,0.0093944964766694
store_0003,sku_00150,0.06006007981660127
store_0003,sku_00151,0.002452796512148116
store_0003,sku_00152,0.0030962680196743955
store_0003,sku_00153,0.004010039002401497
store_0003,sku_00154,0.004124958726024291
store_0003,sku_00155,3.829276754323685e-06
store_0003,sku_00156,0.004202227661553387
store_0003,sku_00157,0.048036891075199074
store_0003,sku_00158,0.01821750702198974
store_0003,sku_00159,2.076859769384289e-06
store_0003,sku_00160,0.01994567247202148
store_0003,sku_00161,0.11696495586516044
store_0003,sku_00162,0.009236888935786027
store_0003,sku_00163,0.026409896845364444
store_0003,sku_00164,0.6174246556365313
store_0003,sku_00165,0.02192089379966639
store_0003,sku_00166,0.0017265140015852035
store_0003,sku_00167,0.02077586265533512
store_0003,sku_00168,0.013737539452678041
store_0003,sku_00169,0.011924020106879181
store_0003,sku_00170,0.0029782179549684364
store_0003,sku_00171,0.0019345665716315283
store_0003,sku_00172,0.0016541548642212088
store_0003,sku_00173,0.007635165864652556
store_0003,sku_00174,0.006407960450219321
store_0003,sku_00175,0.004854237787816439
store_0003,sku_00176,0.003319273565434292
store_0003,sku_00177,0.09051923250882632
store_0003,sku_00178,0.005540824788523314
store_0003,sku_00179,0.002388415686708912
store_0003,sku_00180,0.01164389421870483
store_0003,sku_00181,0.0870584878548988
store_0003,sku_00182,0.029669505652488985
store_0003,sku_00183,0.01576519866795471
store_0003,sku_00184,0.0019979505388293016
store_0003,sku_00185,0.051441165469163504
store_0003,sku_00186,0.004401240010125998
store_0003,sku_00187,0.006902758675879346
store_0003,sku_00188,0.009429980258008655
store_0003,sku_00189,0.024140657147191807
store_0003,sku_00190,0.01421782310491724
store_0003,sku_00191,0.011522469563713488
store_0003,sku_00192,0.007075414423316298
store_0003,sku_00193,0.005344565390297308
store_0003,sku_00194,0.0007828293430284886
store_0003,sku_00195,0.04555861081605692
store_0003,sku_00196,0.04548988518412548
store_0003,sku_00197,0.009120621263085972
store_0003,sku_00198,0.0038355715406253026
store_0003,sku_00199,0.0072210741788066215
store_0003,sku_00200,0.003949728007390687
store_0004,sku_00001,0.002409740413510273
store_0004,sku_00002,0.009611922972854669
store_0004,sku_00003,0.006293080910900916
store_0004,sku_00004,0.035023272256826776
store_0004,sku_00005,0.006439089028398123
store_0004,sku_00006,0.03382641326900372
store_0004,sku_00007,0.00500993652887516
store_0004,sku_00008,0.6304169440921671
store_0004,sku_00009,0.0031845460690798767
store_0004,sku_00010,0.017721625138150173
store_0004,sku_00011,0.005444498686572204
store_0004,sku_00012,0.017113837678579134
store_0004,sku_00013,0.08027332481462147
store_0004,sku_00014,0.008808298585102787
store_0004,sku_00015,0.0025679591980757362
store_0004,sku_00016,0.1839958281376087
store_0004,sku_00017,0.009056676678527551
store_0004,sku_00018,0.0013326782161546642
store_0004,sku_00019,0.009292587376401065
store_0004,sku_00020,0.030017237101163302
store_0004,sku_00021,0.07150531648000749
store_0004,sku_00022,0.001750648638519973
store_0004,sku_00023,0.004936456781442491
store_0004,sku_00024,0.011232768834273307
store_0004,sku_00025,0.013714711327779813
store_0004,sku_00026,0.019200167605515718
store_0004,sku_00027,0.036377320805533374
store_0004,sku_00028,0.010627395549574158
store_0004,sku_00029,0.007996746444119244
store_0004,sku_00030,0.0041232979281430986
store_0004,sku_00031,0.025039766926357798
store_0004,sku_00032,0.0037456037117244057
store_0004,sku_00033,0.006076522528519151
store_0004,sku_00034,0.012303673357284224
store_0004,sku_00035,0.08406388161881205
store_0004,sku_00036,0.009594746901251651
store_0004,sku_00037,0.006844200595974833
store_0004,sku_00038,0.019710101933552326
store_0004,sku_00039,0.0032231189219588036
store_0004,sku_00040,0.019251232851461252
store_0004,sku_00041,0.0053200401806112445
store_0004,sku_00042,0.005257144228106481
store_0004,sku_00043,0.09286355704214953
store_0004,sku_00044,0.011164503161569033
store_0004,sku_00045,0.006469045781336733
store_0004,sku_00046,0.013691415015663412
store_0004,sku_00047,0.004360125412819429
store_0004,sku_00048,0.002840215436555156
store_0004,sku_00049,0.001051044531529152
store_0004,sku_00050,0.003492303169512236
store_0004,sku_00051,0.004156330241447645
store_0004,sku_00052,0.010777973478814127
store_0004,sku_00053,0.021452534909057044
store_0004,sku_00054,0.008042214271782165
store_0004,sku_00055,0.01294683355754375
store_0004,sku_00056,0.0031666632168107912
store_0004,sku_00057,0.028116495788997553
store_0004,sku_00058,0.003560380819847099
store_0004,sku_00059,0.016504249669320206
store_0004,sku_00060,0.02898671559587744
store_0004,sku_00061,0.002132614374026068
store_0004,sku_00062,0.07912164487568886
store_0004,sku_00063,0.006215481015415124
store_0004,sku_00064,0.004408840681563918
store_0004,sku_00065,0.008659885204761776
store_0004,sku_00066,0.18707971946039886
store_0004,sku_00067,0.0029277265336581228
store_0004,sku_00068,0.0075841058110289955
store_0004,sku_00069,0.0025786580315524427
store_0004,sku_00070,0.03124464559407856
store_0004,sku_00071,0.008449018116054665
store_0004,sku_00072,0.007205175937105275
store_0004,sku_00073,0.02915043829276772
store_0004,sku_00074,0.0106545409872729
store_0004,sku_00075,0.04346857193565296
store_0004,sku_00076,0.0030340650012204004
store_0004,sku_00077,0.013103350658780502
store_0004,sku_00078,0.015818651543644043
store_0004,sku_00079,0.0033926778872085885
store_0004,sku_00080,0.0035511095447781087
store_0004,sku_00081,0.001698006016507191
store_0004,sku_00082,0.1525470926456668
store_0004,sku_00083,0.03774505146264022
store_0004,sku_00084,0.028172569680615354
store_0004,sku_00085,0.05817017720078173
store_0004,sku_00086,0.02071521611393451
store_0004,sku_00087,0.00880377061766835
store_0004,sku_00088,0.003216739628385654
store_0004,sku_00089,0.15734826771880386
store_0004,sku_00090,0.02011103878337139
store_0004,sku_00091,0.008370882229128945
store_0004,sku_00092,0.038567388002110584
store_0004,sku_00093,0.0034106424148122477
store_0004,sku_00094,0.16597057931042372
store_0004,sku_00095,0.017963663727139055
store_0004,sku_00096,0.04202761090833123
store_0004,sku_00097,0.012435457556924108
store_0004,sku_00098,0.022770140030129244
store_0004,sku_00099,0.011557211362077742
store_0004,sku_00100,0.019239539058181782
store_0004,sku_00101,0.010194094208811578
store_0004,sku_00102,0.01465800996538974
store_0004,sku_00103,0.0012504290605179693
store_0004,sku_00104,0.016549362325162083
store_0004,sku_00105,0.010207759672680653
store_0004,sku_00106,0.006302460788654918
store_0004,sku_00107,0.0638921675459976
store_0004,sku_00108,0.005066456093237601
store_0004,sku_00109,0.008168070352092185
store_0004,sku_00110,0.010947819518186222
store_0004,sku_00111,0.003610919140545377
store_0004,sku_00112,0.1053840528227183
store_0004,sku_00113,0.00697431958307033
store_0004,sku_00114,0.012388249379937254
store_0004,sku_00115,0.02063468103931837
store_0004,sku_00116,0.019113555461530363
store_0004,sku_00117,0.016757692286696643
store_0004,sku_00118,0.8622521021951653
store_0004,sku_00119,0.00018291138691817733
store_0004,sku_00120,0.0050213490503170565
store_0004,sku_00121,0.0073379938971304725
store_0004,sku_00122,0.004775561476901976
store_0004,sku_00123,0.05163076701126742
store_0004,sku_00124,0.006394113139665117
store_0004,sku_00125,0.003037631693229959
store_0004,sku_00126,0.0038404982829340593
store_0004,sku_00127,0.006992677573966637
store_0004,sku_00128,0.007195319714054949
store_0004,sku_00129,0.003252259061818243
store_0004,sku_00130,0.014325682534740822
store_0004,sku_00131,0.3096943267266061
store_0004,sku_00132,0.04772983544437256
store_0004,sku_00133,0.003206400117654304
store_0004,sku_00134,0.10152821864742104
store_0004,sku_00135,0.009054073767191521
store_0004,sku_00136,0.09110185789124609
store_0004,sku_00137,0.026983284182813958
store_0004,sku_00138,0.12940754866524817
store_0004,sku_00139,0.07699731631052062
store_0004,sku_00140,0.006185776064852428
store_0004,sku_00141,0.22366178445313073
store_0004,sku_00142,0.009988641319915061
store_0004,sku_00143,0.0219246580421108
store_0004,sku_00144,0.27457339441350975
store_0004,sku_00145,0.0019028301519828411
store_0004,sku_00146,0.10457894799176248
store_0004,sku_00147,0.004954516664701144
store_0004,sku_00148,0.012608493229636347
store_0004,sku_00149,0.0035641337153984537
store_0004,sku_00150,0.0039204754249787975
store_0004,sku_00151,0.022196080268304493
store_0004,sku_00152,0.004385476634601823
store_0004,sku_00153,0.0009625131949709954
store_0004,sku_00154,0.012203985698745834
store_0004,sku_00155,3.024304016690676e-07
store_0004,sku_00156,0.007337978342336656
store_0004,sku_00157,0.040444220719103356
store_0004,sku_00158,0.00906502398279648
store_0004,sku_00159,0.005178564150601125
store_0004,sku_00160,0.005638191262763274
store_0004,sku_00161,0.039627607764172276
store_0004,sku_00162,0.0077677430870466595
store_0004,sku_00163,0.014119309070421032
store_0004,sku_00164,0.05077239425440724
store_0004,sku_00165,0.07536813481677553
store_0004,sku_00166,0.011486184233212189
store_0004,sku_00167,0.009103027047272247
store_0004,sku_00168,0.01033190913496762
store_0004,sku_00169,0.031685941550513665
store_0004,sku_00170,0.004388694088603696
store_0004,sku_00171,0.0027201420766893324
store_0004,sku_00172,0.002022541720400877
store_0004,sku_00173,0.01720432143955352
store_0004,sku_00174,0.005635334507600272
store_0004,sku_00175,0.00823834434957188
store_0004,sku_00176,0.006582358207999488
store_0004,sku_00177,0.013581854292931293
store_0004,sku_00178,0.01906393946550757
store_0004,sku_00179,0.02493100167638777
store_0004,sku_00180,0.005698398785909631
store_0004,sku_00181,4.1735946333611303e-07
store_0004,sku_00182,0.029136889650072783
store_0004,sku_00183,0.044923567185426505
store_0004,sku_00184,0.007663161992591702
store_0004,sku_00185,0.19103680244502586
store_0004,sku_00186,0.013390665625619339
store_0004,sku_00187,0.01722312384899653
store_0004,sku_00188,0.03786060149309183
store_0004,sku_00189,0.009240506323892212
store_0004,sku_00190,0.007773892804528375
store_0004,sku_00191,0.03941459671156493
store_0004,sku_00192,0.10215142642147121
store_0004,sku_00193,0.009302157525104444
store_0004,sku_00194,0.01094094279010484
store_0004,sku_00195,0.05141293636344752
store_0004,sku_00196,0.00809356547290721
store_0004,sku_00197,0.017223197765700013
store_0004,sku_00198,0.0059153672997507845
store_0004,sku_00199,0.028854141531188125
store_0004,sku_00200,0.017738342510829955
store_0005,sku_00001,0.011101124627682287
store_0005,sku_00002,0.0035472496991305505
store_0005,sku_00003,0.10063186103903599
store_0005,sku_00004,0.00246447266261719
store_0005,sku_00005,0.0103922814456526
store_0005,sku_00006,0.0032888295996200607
store_0005,sku_00007,0.03248065999188456
store_0005,sku_00008,0.014742351792354766
store_0005,sku_00009,0.0014638734306250793
store_0005,sku_00010,0.10368806840537166
store_0005,sku_00011,0.030814717771741065
store_0005,sku_00012,0.023885683893350974
store_0005,sku_00013,0.027318032498960976
store_0005,sku_00014,0.09320667115330875
store_0005,sku_00015,0.002844865880911658
store_0005,sku_00016,0.03183452635231666
store_0005,sku_00017,0.03920208555281273
store_0005,sku_00018,0.0012244235413850179
store_0005,sku_00019,0.007715866631234649
store_0005,sku_00020,0.03221692109951915
store_0005,sku_00021,0.011771867204392024
store_0005,sku_00022,0.018770332522323113
store_0005,sku_00023,0.005806136296654167
store_0005,sku_00024,0.012719813122217318
store_0005,sku_00025,0.004164205259085068
store_0005,sku_00026,0.019270284579817824
store_0005,sku_00027,0.014226653507418687
store_0005,sku_00028,0.000997881326616037
store_0005,sku_00029,0.0046356076714333646
store_0005,sku_00030,0.003942849073875749
store_0005,sku_00031,0.015180413417559924
store_0005,sku_00032,0.00287021646120014
store_0005,sku_00033,0.004440453588421721
store_0005,sku_00034,0.006492588574818643
store_0005,sku_00035,0.1681260040670218
store_0005,sku_00036,0.009821363314154681
store_0005,sku_00037,0.0061301258271136
store_0005,sku_00038,0.003301654601858091
store_0005,sku_00039,0.018182977999923744
store_0005,sku_00040,0.028230816904900972
store_0005,sku_00041,0.007162992322432818
store_0005,sku_00042,0.0050847651305346
store_0005,sku_00043,0.016070506409680822
store_0005,sku_00044,0.008153718736946647
store_0005,sku_00045,0.009515464295176825
store_0005,sku_00046,0.002621136895784763
store_0005,sku_00047,0.008499862591425798
store_0005,sku_00048,0.01723849897869413
store_0005,sku_00049,1.527279068693911e-07
store_0005,sku_00050,0.04216774132021305
store_0005,sku_00051,0.08090084005796361
store_0005,sku_00052,0.002648353004813668
store_0005,sku_00053,0.0924658470019455
store_0005,sku_00054,0.0023794374255869635
store_0005,sku_00055,0.0019048390801328777
store_0005,sku_00056,0.004653346886377959
store_0005,sku_00057,0.026796101858397387
store_0005,sku_00058,0.008184615398114046
store_0005,sku_00059,0.01616099849198433
store_0005,sku_00060,0.05192770621710162
store_0005,sku_00061,0.005445334259732646
store_0005,sku_00062,0.03787312119936171
store_0005,sku_00063,0.004387937829508692
store_0005,sku_00064,0.0136358624605127
store_0005,sku_00065,0.007970751790837907
store_0005,sku_00066,0.15061652342205178
store_0005,sku_00067,0.04911146000695012
store_0005,sku_00068,0.0677136880402631
store_0005,sku_00069,0.005641433872318019
store_0005,sku_00070,0.005237575522934192
store_0005,sku_00071,0.005843791449878811
store_0005,sku_00072,0.03010414969261556
store_0005,sku_00073,0.04802722421999287
store_0005,sku_00074,0.01030330893249399
store_0005,sku_00075,0.030818893007857628
store_0005,sku_00076,0.008645133194062864
store_0005,sku_00077,0.01968641256152358
store_0005,sku_00078,0.0041227949254097115
store_0005,sku_00079,0.003660667425833554
store_0005,sku_00080,0.010943637493816816
store_0005,sku_00081,0.0008817350290258182
store_0005,sku_00082,0.09310560000767655
store_0005,sku_00083,0.008258409470984933
store_0005,sku_00084,0.041776794232645256
store_0005,sku_00085,0.042503732796550266
store_0005,sku_00086,0.0034167577952311113
store_0005,sku_00087,0.0065677896418012294
store_0005,sku_00088,0.03322536840470817
store_0005,sku_00089,0.45924696777449575
store_0005,sku_00090,0.0025490980091414346
store_0005,sku_00091,0.009252297055416376
store_0005,sku_00092,0.010849715149104574
store_0005,sku_00093,0.0035663587490459454
store_0005,sku_00094,0.006899449042675417
store_0005,sku_00095,0.012095527405096597
store_0005,sku_00096,0.040376037748402684
store_0005,sku_00097,0.03721913567178753
store_0005,sku_00098,0.0117845921621135
store_0005,sku_00099,0.006756149263381636
store_0005,sku_00100,0.008971843503463849
store_0005,sku_00101,0.012945714948636229
store_0005,sku_00102,0.023948157137217332
store_0005,sku_00103,0.010066286806750108
store_0005,sku_00104,0.02678835736973596
store_0005,sku_00105,0.059639768567584205
store_0005,sku_00106,0.0094018877314404
store_0005,sku_00107,0.011276472593445655
store_0005,sku_00108,0.005465920807327975
store_0005,sku_00109,0.012778280699205601
store_0005,sku_00110,0.01621231310473337
store_0005,sku_00111,0.04374375504381972
store_0005,sku_00112,0.02596876805330784
store_0005,sku_00113,0.05119304127131959
store_0005,sku_00114,0.08568752880109547
store_0005,sku_00115,0.007235798523932678
store_0005,sku_00116,0.04253425005997416
store_0005,sku_00117,0.009332936406275812
store_0005,sku_00118,0.09054595938697975
store_0005,sku_00119,0.002389559654472667
store_0005,sku_00120,0.0031772041392625554
store_0005,sku_00121,0.020646974876752006
store_0005,sku_00122,0.03695763751244486
store_0005,sku_00123,0.013185362454771752
store_0005,sku_00124,0.0007879532878038532
store_0005,sku_00125,0.007114225910626988
store_0005,sku_00126,0.005484956856663903
store_0005,sku_00127,0.006903846955650611
store_0005,sku_00128,0.008479935087353209
store_0005,sku_00129,0.006364818281347831
store_0005,sku_00130,0.002539311817220503
store_0005,sku_00131,0.15817010155673586
store_0005,sku_00132,0.016932509576785024
store_0005,sku_00133,0.004614040757846538
store_0005,sku_00134,0.004832472123619795
store_0005,sku_00135,0.03331129080018584
store_0005,sku_00136,0.003745896051434957
store_0005,sku_00137,0.0467032952656886
store_0005,sku_00138,0.023664194189829395
store_0005,sku_00139,0.033717440204409393
store_0005,sku_00140,0.011229383575738218
store_0005,sku_00141,0.3467848321258898
store_0005,sku_00142,0.03398257073626444
store_0005,sku_00143,0.003446930906786086
store_0005,sku_00144,0.16053092059456928
store_0005,sku_00145,0.00726804185500689
store_0005,sku_00146,0.016831946129890786
store_0005,sku_00147,0.004710619794873294
store_0005,sku_00148,0.008258131216092514
store_0005,sku_00149,0.005155055114354431
store_0005,sku_00150,0.006653570651721965
store_0005,sku_00151,0.003086743638396699
store_0005,sku_00152,0.005086569451611612
store_0005,sku_00153,0.0013434220212874867
store_0005,sku_00154,0.011425440049199773
store_0005,sku_00155,0.02788003455718577
store_0005,sku_00156,0.011300012663952447
store_0005,sku_00157,0.013427587891110291
store_0005,sku_00158,0.08226373740265361
store_0005,sku_00159,0.0037982828722226366
store_0005,sku_00160,0.011584096187548722
store_0005,sku_00161,0.05314980014352022
store_0005,sku_00162,0.004185257406645291
store_0005,sku_00163,0.008055474177694295
store_0005,sku_00164,0.28531548971454507
store_0005,sku_00165,0.007109714507939379
store_0005,sku_00166,0.028877691211399787
store_0005,sku_00167,0.002735336405198736
store_0005,sku_00168,0.01638741723567545
store_0005,sku_00169,0.007323088328128135
store_0005,sku_00170,0.004474457659856962
store_0005,sku_00171,0.0004326558167155352
store_0005,sku_00172,0.015312338625416833
store_0005,sku_00173,0.005367508261669238
store_0005,sku_00174,1.9710422327757524e-07
store_0005,sku_00175,0.12537341404147556
store_0005,sku_00176,0.004561519334890504
store_0005,sku_00177,0.018303258195590418
store_0005,sku_00178,0.009311188493979081
store_0005,sku_00179,0.007730399725619317
store_0005,sku_00180,0.1731407510012766
store_0005,sku_00181,0.020905267720497323
store_0005,sku_00182,0.032706155143420464
store_0005,sku_00183,0.01278800345540887
store_0005,sku_00184,0.007074748220136322
store_0005,sku_00185,0.01941530281524322
store_0005,sku_00186,0.026593592975368188
store_0005,sku_00187,0.004416978979543239
store_0005,sku_00188,0.21421658891694567
store_0005,sku_00189,0.008365394568810147
store_0005,sku_00190,0.06647550111973706
store_0005,sku_00191,0.010626065976988317
store_0005,sku_00192,0.014875967292611631
store_0005,sku_00193,0.008965722262932284
store_0005,sku_00194,0.001974889804730534
store_0005,sku_00195,0.01962505753988266
store_0005,sku_00196,0.08533189312478637
store_0005,sku_00197,0.04427918179662801
store_0005,sku_00198,0.06313017039522552
store_0005,sku_00199,0.035080945406915684
store_0005,sku_00200,0.013025750248220318
