store_id,category,n_rows,mean_actual,mae,rmse,wape,smape,bias
store_0001,Apparel,97,1.092783505154639,0.006158774046582229,0.01072544974380509,0.005635859269042229,0.7044891598498713,-0.0014069072967545814
store_0001,Automotive,98,1.010204081632653,0.012624498630766947,0.037595834121517464,0.012496978442577382,0.9848020341615031,-0.004548223873780364
store_0001,Baby,70,0.5142857142857142,0.006669613830977832,0.01821200726522589,0.012968693560234675,1.1757676225872882,0.001308708690059974
store_0001,Bakery,112,0.9553571428571429,0.009101035939425848,0.026391980182666818,0.009526317992670046,0.8438715963451171,0.002846742909306112
store_0001,Beauty,112,0.30357142857142855,0.0034789243210377662,0.01176766024237466,0.011459985998712641,1.4846493268657852,-0.0014400044784381291
store_0001,Beverages,140,0.35,0.002644079265226873,0.007474776050310975,0.007554512186362494,1.4590184624350688,-0.00017520751854623517
store_0001,Dairy,154,2.051948051948052,0.02205073297032934,0.061485059513029974,0.010746243283008603,0.409764361666067,-0.008344460651446462
store_0001,Electronics,140,1.6642857142857144,0.01857411598240084,0.037831503106092096,0.011160413036635699,0.5781100397593643,-0.0069848513397588585
store_0001,Frozen,98,1.8877551020408163,0.01772957111436122,0.04042428897382708,0.009391880914634594,0.2714939813598111,-0.0052663488104746
store_0001,Garden,112,2.607142857142857,0.053020657220534895,0.14160252395048428,0.02033669044075311,0.49402155025275546,0.0068057911130974475
store_0001,Grocery,98,1.8877551020408163,0.01682437173033265,0.04197701634852105,0.00891236988958162,0.6983901053193841,3.914319486556585e-05
store_0001,Health,154,1.87012987012987,0.018582363415928217,0.056497659524161005,0.00993640265990606,0.6939723123453619,0.003925766892966895
store_0001,Home,196,1.7755102040816326,0.01563789509291325,0.03518247315920289,0.008807550109801714,0.4446636703792588,0.004102382799948722
store_0001,Household,196,1.0459183673469388,0.010636548025978238,0.028269364229825556,0.010169577624837731,0.7906476202695428,0.002375239481030122
store_0001,Meat,154,0.8766233766233766,0.0067888931439813345,0.017730321995754413,0.007744366993875004,1.0290637912386904,-0.001011555155384875
store_0001,Office,237,1.4050632911392404,0.015924392638285028,0.047286382469725066,0.011333576742563219,0.7306283924334269,0.005720954440913721
store_0001,Pet,224,2.482142857142857,0.04905855776434144,0.16319537430459094,0.01976459881153324,0.6942202257348462,-0.00028999308168585925
store_0001,Produce,112,2.357142857142857,0.026983936958849215,0.05998428097227027,0.01144773083102694,0.3107097512321202,0.005311385501086947
store_0001,Seasonal,154,2.75974025974026,0.02722946439363447,0.07115350448639778,0.009866676509693431,0.22808705924437694,0.0033390628142654206
store_0001,Toys,140,1.95,0.035341260703185995,0.11419568379906583,0.01812372343753128,0.6356863449202419,-0.008965300621572601
store_0002,Apparel,98,1.3673469387755102,0.011386531233393024,0.021425229785718827,0.008327463140839673,0.49529909326260974,0.0025736564961713775
store_0002,Automotive,98,1.1224489795918366,0.013396419504137752,0.03369450547598259,0.011934991921868178,0.8016577519271558,-0.0003730214651778403
store_0002,Baby,70,0.5428571428571428,0.003509796387820341,0.007674850086817413,0.006465414398616418,1.1455004201299548,-0.0007631248285577537
store_0002,Bakery,111,1.3963963963963963,0.012985262209764264,0.024626663402839487,0.009299123259895698,0.6018202988676489,0.0005070766836126313
store_0002,Beauty,112,0.29464285714285715,0.003311896364914718,0.01737733714522488,0.01124037554152874,1.519952436298967,-0.0011795121704451241
store_0002,Beverages,140,0.5285714285714286,0.0042902087057927986,0.013001732618173847,0.008116611065013404,1.2596095248099144,0.001506420689629989
store_0002,Dairy,153,2.980392156862745,0.03956554770894555,0.08165918670682375,0.01327528245497515,0.2571682761481145,3.0369604429297415e-05
store_0002,Electronics,140,1.6071428571428572,0.01689015470101687,0.05101359261779302,0.010509429591743832,0.506545552757748,0.002665121470346936
store_0002,Frozen,98,2.7857142857142856,0.027887749382019895,0.05630252944771239,0.010010986957648167,0.15060384623258552,-0.002376782205049601
store_0002,Garden,112,2.982142857142857,0.14629338903909675,0.4624822526405247,0.04905646578556538,0.5209823556137524,0.0003473544238224475
store_0002,Grocery,97,2.329896907216495,0.034492685255716395,0.08147323366001279,0.01480438260975438,0.6463539875032935,-0.0025526490372336235
store_0002,Health,153,3.4313725490196076,0.06250205354488761,0.13247658042398666,0.018214884175938674,0.26062245456771,0.0159876322318329
store_0002,Home,196,1.5561224489795917,0.014742473332628568,0.046704950766799994,0.009473851715394097,0.4238966836138263,-0.0047711237370296105
store_0002,Household,195,1.323076923076923,0.01688634498055869,0.053922465063094116,0.012762935159724592,0.7142734775777421,0.0016418275036506006
store_0002,Meat,154,1.051948051948052,0.010959146905781272,0.051803059960620845,0.010417954465989605,0.8739757703295427,-0.005050093904391858
store_0002,Office,238,1.4369747899159664,0.01137412454336531,0.03195903918823012,0.007915326436610947,0.601090576554686,0.004293778817617425
store_0002,Pet,224,3.455357142857143,0.06368359439827664,0.19039703135315858,0.01843039424446249,0.3870429021733229,-0.0007104018828087975
store_0002,Produce,112,3.4732142857142856,0.06848188525285347,0.1583085843123929,0.01971714948154136,0.15589401842550618,-0.029916058436518844
store_0002,Seasonal,154,2.909090909090909,0.02991285287032892,0.08783323488959885,0.010282543174175566,0.15015210278595428,0.0011556036337565495
store_0002,Toys,139,2.5107913669064748,0.03473765830343179,0.11860746454701741,0.013835342418845325,0.46830247599195723,0.002353274249082364
store_0003,Apparel,98,0.7346938775510204,0.009478174506610213,0.033682477126878684,0.012900848633997233,1.0656235119889395,0.0008715343733939659
store_0003,Automotive,98,0.6530612244897959,0.004694014032906574,0.009435103401480247,0.0071877089878881915,1.0641171279112438,-0.00038464739331025904
store_0003,Baby,70,0.15714285714285714,0.0008102366617040651,0.002414546492677783,0.005156051483571324,1.686512583067966,0.00018523466219486632
store_0003,Bakery,112,0.7857142857142857,0.007903938274083186,0.017122140931072494,0.0100595578033786,1.0579891189844388,-0.0011702568589653378
store_0003,Beauty,112,0.10714285714285714,0.002186064349825983,0.00809835589944357,0.020403267265042508,1.7878935657607538,-0.00013216498400466181
store_0003,Beverages,139,0.3597122302158273,0.00531583412316553,0.030758274865732564,0.014778018862400173,1.413603898970791,-0.0030960884818222708
store_0003,Dairy,153,1.9215686274509804,0.026257702486327472,0.07462138742015424,0.013664722722476541,0.5700851442409063,-0.00992893220905778
store_0003,Electronics,140,0.8357142857142857,0.009115911506145796,0.019478297363187343,0.010907928297952237,1.0050718014620668,0.0024965409358116745
store_0003,Frozen,98,1.346938775510204,0.00891426741553393,0.018573084204716515,0.006618168232744887,0.4536020396812952,0.002089629856063836
store_0003,Garden,112,1.7946428571428572,0.03121631001760567,0.09477635142504666,0.017394162795879776,0.7577635256162554,0.007886929967357586
store_0003,Grocery,98,1.510204081632653,0.030288571021138983,0.07749617628162263,0.020055945676159596,0.7834861199933855,-0.01847502311473518
store_0003,Health,154,2.538961038961039,0.06208328934575351,0.24227478513837358,0.024452241839503938,0.5411487249325767,-0.04212063406919281
store_0003,Home,196,1.1224489795918366,0.014676349209983997,0.04405432735697158,0.013075292932531197,0.801748555768297,-0.0023613218604699717
store_0003,Household,196,0.7602040816326531,0.007903166998089958,0.021579075594519326,0.010396112292789474,1.004501497039891,-0.00414530511438121
store_0003,Meat,153,0.5751633986928104,0.006492758575693187,0.017319673032359217,0.01128854616001202,1.2587710602488624,0.0028776049296732574
store_0003,Office,238,0.8865546218487395,0.005315213660785402,0.011931599841949773,0.0059953594846773725,0.8939064540869768,-0.0017554097255821027
store_0003,Pet,224,1.65625,0.023352596102517987,0.07598118475682802,0.014099680665671237,0.8187316561423243,-0.004697480336308243
store_0003,Produce,112,1.4107142857142858,0.011351713540742792,0.022533891766135333,0.008046784282045524,0.594327689789162,0.00605234053586459
store_0003,Seasonal,154,1.8896103896103895,0.017514456325896842,0.03931555688725962,0.009268818811643003,0.4613438532894791,-0.0025442842791771635
store_0003,Toys,140,1.7142857142857142,0.01609213788565535,0.029879193635587168,0.009387080433298953,0.719830951128356,0.0010260880313639558
store_0004,Apparel,98,1.0408163265306123,0.009484537463416577,0.019971423082744466,0.009112594817792396,0.8004556105754459,-0.0018942803339833995
store_0004,Automotive,97,1.1855670103092784,0.015254475606221824,0.036647294782309256,0.01286681855481319,0.7077912752952042,-0.002484058068748916
store_0004,Baby,69,0.36231884057971014,0.0024373578374303137,0.006552142800701359,0.006727107631307666,1.3353220969703814,-0.000240187909335882
store_0004,Bakery,111,1.1081081081081081,0.00782266082576313,0.029261445012706225,0.00705947440373746,0.6884517277966806,-0.004540906161934404
store_0004,Beauty,112,0.23214285714285715,0.002598078008449383,0.009168293090636527,0.011191720651781957,1.626762003240432,-0.0002609430814946252
store_0004,Beverages,140,0.39285714285714285,0.003968987999448476,0.013981300895620226,0.010102878544050665,1.374150008102722,-0.0026421738216612176
store_0004,Dairy,154,2.1233766233766236,0.01538433018193287,0.02907889899189783,0.007245219718708446,0.40818224719771745,-0.00015273248589216582
store_0004,Electronics,139,1.60431654676259,0.023263695817198376,0.06388505601962491,0.014500689321033964,0.6549600122997424,0.011142584917750862
store_0004,Frozen,97,2.195876288659794,0.030228437259832333,0.06115596208207506,0.01376600194461848,0.3187442157232309,0.0019255801088202905
store_0004,Garden,111,2.4144144144144146,0.08594149767511339,0.33303963963677147,0.03559517254454323,0.5551070196136493,-0.005536538219578206
store_0004,Grocery,98,2.061224489795918,0.02409008458801516,0.07750124767601657,0.011687268760522205,0.6382048472078006,0.008184857861094855
store_0004,Health,154,2.168831168831169,0.018588381219179193,0.04173376663908764,0.008570690741777232,0.6035863682006799,0.003511763054603222
store_0004,Home,196,1.433673469387755,0.008586516640362214,0.017137547179016357,0.0059891717491494445,0.5551312167956095,0.0009210424749432336
store_0004,Household,196,0.8622448979591837,0.0062890477993589634,0.014100462237436794,0.007293806915232881,0.8610974418270467,0.00238464305419697
store_0004,Meat,154,1.0194805194805194,0.00716967577651385,0.02101205155860419,0.007032675602440337,0.8475863328898562,-0.0028098264332750925
store_0004,Office,238,1.5168067226890756,0.016401063591818546,0.06021175248330582,0.010812889570229403,0.5348070932135186,-0.00019990860027044964
store_0004,Pet,223,2.336322869955157,0.027680521510322357,0.07981860394659372,0.011847900761615904,0.5795313408261987,0.010040050103876865
store_0004,Produce,112,1.9732142857142858,0.01918825723472802,0.04609385232892732,0.009724365657418724,0.3452068279648556,0.0021391352202531954
store_0004,Seasonal,154,2.772727272727273,0.04157845744876517,0.21065962861350188,0.014995509243816948,0.21595470064516822,-0.025199990035519
store_0004,Toys,139,2.273381294964029,0.03906155684288661,0.13136687730894073,0.017182140510003923,0.5692931511638382,-0.00427227777097712
store_0005,Apparel,98,1.3673469387755102,0.014457568529920452,0.03966438936353657,0.010573445641285106,0.4754612678194277,-0.005143720092688321
store_0005,Automotive,98,1.030612244897959,0.01776452639026875,0.03977344152016523,0.017236867190557798,0.7436845308421571,0.009772441612416125
store_0005,Baby,70,0.4857142857142857,0.004154834528915857,0.01032559692033282,0.008554071088944412,1.2884831467523827,0.0004902712735403188
store_0005,Bakery,112,0.9821428571428571,0.007001923390349163,0.014789824347834627,0.007129231088355511,0.8433456657285193,-0.003754295990463864
store_0005,Beauty,112,0.24107142857142858,0.0024634899554043413,0.012203531171829731,0.010218921296492081,1.5909726023569697,0.0001463275976941451
store_0005,Beverages,140,0.2571428571428571,0.0023023943420885573,0.008690203766893166,0.008953755774788833,1.5875193644091767,0.001226989117835371
store_0005,Dairy,154,2.0194805194805197,0.01776518630068736,0.0456824048760084,0.008796908972044545,0.47262456547889414,-0.003610271192188353
store_0005,Electronics,139,1.1366906474820144,0.00798849929857972,0.019650979074295558,0.007027856977864437,0.7376711931496149,-0.0015674065968583637
store_0005,Frozen,97,2.0412371134020617,0.0178039905953628,0.033168772470980226,0.00872215700883935,0.29571568047436225,0.004061697676360931
store_0005,Garden,112,2.482142857142857,0.029343320543530997,0.07036442791665928,0.01182176942760961,0.5960063309808625,-0.0028798764175630705
store_0005,Grocery,98,1.7346938775510203,0.019447466859364583,0.04636675377011393,0.011210892660104289,0.7000762194338983,-0.002956187469586407
store_0005,Health,154,2.396103896103896,0.029797660394998267,0.09563845805830651,0.012435879948048057,0.44882887537317373,0.004750415133537717
store_0005,Home,195,1.6974358974358974,0.013179173299139759,0.034337506024474655,0.007764165538768135,0.47693502932858817,-0.0029133745482808294
store_0005,Household,196,1.010204081632653,0.007164682894553176,0.01921279469063225,0.00709231236026476,0.6978505922554699,0.0009680983247759969
store_0005,Meat,154,0.935064935064935,0.007647625995243675,0.021932625430255887,0.008178711133802263,0.9387008637668939,0.001138077323094333
store_0005,Office,238,1.2521008403361344,0.011858380456022694,0.03828496669805386,0.00947078707561544,0.7028317106479794,-0.003185145135452625
store_0005,Pet,222,2.490990990990991,0.05235099260902588,0.16949576898215318,0.0210161308484697,0.6569011902804079,-0.015335155903392489
store_0005,Produce,112,1.9910714285714286,0.014708481208558565,0.02617138944401517,0.0073872192616975755,0.3270824570829311,0.00582242866499167
store_0005,Seasonal,154,3.0064935064935066,0.0377303406165066,0.09216266892282746,0.012549616533352086,0.15181656612346986,0.004116265174780267
store_0005,Toys,140,2.492857142857143,0.04134417562757995,0.09075090074971046,0.016585056125676772,0.49601232964855624,0.00663418250175295
